No.;Content;Score;At;Label
1;Jelek masih banyak yg kurang, tolong diperbaiki. Duit gue 22rb ngendap disini, cuma 22rb tapi berguna bagi gue karena gue pekerja dgn gaji dibawah UMR. TOLONG BANGET INI KALO MAU BIKIN APLIKASI LAIN KALI DIBENAHI LAGI!;1;06/01/2024 02.59;Negatif
2;Udah tap ga bisaÂ² sampe ketinggalan 3 bis ...lapor sana lapor sini ribet bgt padahal pembayaran dah jelas kepotong... A;1;10/01/2024 11.10;Negatif
3;"""Pemeliharaan Sistem"" minimal data pembelian harus tetap ada lah buat orang yg sudah bayar tiket terus mau masuk apk malah ga ada barcode nya, gila dari jam 00.30 sampai jam 05.00 subuh baru benar kembali, mau top up jaringan di halte , mau ga mau jalan kaki ke halte selanjutnya. Dan akhirnya ga saya pake ini tiket di jak lingko, di telpon ga diangkat udh berulang kali sampe 10x,. Mending mikir"" dh yg mau download ini, soalnya nyusahin ke diri sendiri. Mending mikir kalo download APK ini!!!!!!";1;13/01/2024 14.50;Negatif
4;Sering banget kalau udah bayar terus error, balikin dananya sampe ngemis2. Giliran diminta, malah lempar masalah ke tempat kita bayar.;1;15/01/2024 00.51;Negatif
5;Aplikasi gaguna,,eror terus;1;15/01/2024 01.38;Negatif
6;tim yang bikin apk nya dan pekerjaannya pada tolol kali ya kalo nggak bisa bikin apk di hapus aja jelek banget gada gunanya;1;16/01/2024 10.47;Negatif
7;Aplikasi sampah,,, Duit Pemda di buang2 gak jelas buat aoss ginian.;1;21/01/2024 00.25;Negatif
8;Emang kocak sistem sama penanganan keluhan nasabahnya.;1;22/01/2024 02.11;Negatif
9;Di tulis nomor HP minta Nomor OTP malah gak muncul muncul pesan nya Tolol bet asw yg buat app nya;1;23/01/2024 08.27;Negatif
10;APLKS G GUNA, UDAH ALAT DI HALTE CSW TERUTAMA RUSAK SEMUA DISARANIN PKE NI APLK, SAMA AJA G BISA DI PAKE LAST ENDING NAIK GOJEK + MBA MBA NYA KURANG RAMAH;1;26/01/2024 17.38;Negatif
11;Aplikasi gak guna;1;27/01/2024 03.45;Negatif
12;Sangat mengecewakan.. Dua kali gagal transaksi tiket. Padahal pembayaran berhasil. Uang tidak kembali . Nunggu sampai satu minggu pun ,uang gak kembali.;1;28/01/2024 08.05;Negatif
13;Apk ga guna;1;29/01/2024 02.52;Negatif
14;"SALDO GUA KEPOTONG TP QRIS GABISA DIPAKE KOMPLAIN CUMA DAPET JAWABAN SAMPAH. REFUND 7HARI TP DAH LEWAT 7HARI, GAK DI REFUND"". APLIKASI SAMPAH. KALO GASIAP JADI KOTA MODERN GAUSA SOSOAN BIKIN APP KAYA GINI";1;04/02/2024 12.58;Negatif
15;Uninstall. Ga guna banget. Biasanya bisa pesen tiket tiba2 ga bisa, mana kalau di scan susah banget. Ga jelas ribet;1;05/02/2024 13.05;Negatif
16;udah dua kali beli tiket Transjakarta setiap di confirm buat byr halte keberangkatan nya beda sndri akhirnya gbsa buat scan dan tiket gbs dipake.;1;06/02/2024 18.42;Negatif
17;Aplikasi sampah;1;07/02/2024 05.31;Negatif
18;aplikasi ga jelas. nyari rute ga ditemukan padahal jelasÂ² ada jaklinko;1;13/02/2024 02.10;Negatif
19;Saya ada saldo 50 ribu gabisa dipakai dan gabisa di refund PAYAH transaksi gagal terus, perbaiki dong!;1;15/02/2024 13.41;Negatif
20;kecewa sama app jeklingko hampir 8 kali saya pesen tiket gagal padahal uang sudah dibayar ,dan uang juga tidak kembali;1;21/02/2024 08.16;Negatif
21;Aplikasi kon;1;21/02/2024 14.27;Negatif
22;Ribet dan sampah aplikasi nya;1;24/02/2024 23.34;Negatif
23;Udah masukin titik yang benar waktu bayar, ehh malah gak bisa scan di gate gara gara titiknya berubah tiba-tiba. Bukan cuma sekali atau 2 kali, tapi sebulan saya pakai aplikasi ini kebanyakan gak bener dan gak bisa di scan.;1;25/02/2024 23.53;Negatif
24;Jelek;1;26/02/2024 12.28;Negatif
25;Aplikasi gak guna, Ampas buang2 anggaran negara aja;1;03/03/2024 13.48;Negatif
26;Aplikasi bodoh, ga to the point ribet make nya. Disuruh naek kesana kemari, harus bener2 dibaca detail;1;03/03/2024 16.28;Negatif
27;Jangan pakai aplikasi ini kalau buru buru. Ini aplikasi lemot + server sering down. Belum ditambah lagi cara fungsinya. Ini kalau mau scan ini kadang susah banget. Kalau salah pilih halte ga bisa refund. Pokoknya ini app user hostile banget. Mending beli kartu jak aja, selama ini program belum dibenahi.;1;04/03/2024 05.42;Negatif
28;kasih bintang satu terus sampe di hapus google biar ada perbaikan kena double charge tapi saldo ga pernah balik.;1;08/03/2024 15.56;Negatif
29;Lemot muterÂ² terus;1;09/03/2024 20.26;Negatif
30;Nunggu sejam di mrt gara2 aplikasinya eror ngak bsa kebuka padahal data seluler bagus banget.;1;12/03/2024 15.10;Negatif
31;Kalau jam sibuk usahakan ga terkendala app nya. Ini jam2 pulang kantor sering banget eror.;1;21/03/2024 10.02;Negatif
32;Aplikadi update apa Perasaan bisa pake tije 1a ke pantai maju eh ini mah kaga bisa Jadi aplikasi lucu padahal jaklingko bisa mikrotik dan tije Masa gak bisa baca untuk pergi kemana;1;30/03/2024 20.33;Negatif
33;sumpah ya Allah aplikasi yang bikin orang emosiğŸ‘ğŸ‘gue pernah di halte blok M, mau tap out aja lama banget, udah gitu petugasnya gaadağŸ‘;1;01/04/2024 00.51;Negatif
34;Gak layak aplikasi nya;1;05/04/2024 02.12;Negatif
35;Tolong di perbaiki dong sistemnya. Nyusahin banget, gw beli tiket jaklingko dari halte kemayoran udh slesai pembaran malah berubah rute nya jauh banget ke halte pasar baru timur. 2x dalam wkt 15 menit gw beliblagi gitu juga aneh bgt woy;1;16/04/2024 04.44;Negatif
36;Jelek sekali;1;22/04/2024 03.38;Negatif
37;Aplikasi sampah gabisa topup saldo;1;26/04/2024 07.21;Negatif
38;Pengemudi mobil nya banyak ugal-ugalan, pada males banget mau ambil penumpang cepet doang buat apa kalo ga ambil penumpang?;1;01/05/2024 08.08;Negatif
39;Tolong supir jaklingko kalo memang ga niat kerja RESIGN aja mendingan!!!! Mentang2 kami naik gratis, pelayananmu kyk kotoran hewan!!! Najis;1;04/05/2024 10.30;Negatif
40;Kalau buat QR tiru aplikasi tije, dari mana pun bisa di tap;1;05/05/2024 07.44;Negatif
41;Aplikasi kebanyakan error;1;05/05/2024 10.35;Negatif
42;Aplikasi gak guna;1;06/05/2024 14.28;Negatif
43;Aplikasi sangat buruk, server lemot, penetuan lokasi kedatangan dan kepergian tidak akurat dan tidak user friendly, lebih baik adakan fitur pembelian tiket menggunakan aplikasi seperti Go atau Grab atau Shopee dibanding buat aplikasi yang kebanyakkan fitur tapi tidak fokus dan tidak serius pada tugas utama aplikasi ğŸ™ Overall untuk UI dan UX tidak sesuai harapan;1;08/05/2024 16.58;Negatif
44;aplikasi ribet, scam, saldo ewallet udah kepotong, lama banget proses nya udah berbulan-bulan ngajuin pengembalian dana, ga balik balik;1;11/05/2024 05.32;Negatif
45;Pagi ini suami saya di tabrak angkot Jak lingko dan tidak bertanggung jawab, please lah Jak lingko kan ngga ngejar setoran klo bawa mobil ga usah ngebut ngebut;1;14/05/2024 00.27;Negatif
46;Sangat sangat buruk, saya sudah beli tiket, tapi kode Qris tidak bisa di scan,;1;14/05/2024 00.35;Negatif
47;Aplikasi ga berguna, isinya cuma info2 ga jelas doang. Rute juga ga update.;1;15/05/2024 00.39;Negatif
48;Aplikasi ngaco bin ngawur Kapok minta rekomendasi rute di aplikasi ini;1;15/05/2024 08.09;Negatif
49;Developer gabut, cuma cari komisi proyek. APK Terlalu berat/besar. Sebesar apapun RAM HP + WiFi/speed besar, digunakannya lemooot banget. Sering posisi kendaraan tidak real time dst...dst...;1;15/05/2024 23.46;Negatif
50;Daripada bikin aplikasi model ginian, mnding armadanya aja ditambah sih, inisaban weekend malah dikurangin;1;18/05/2024 10.09;Negatif
51;Paling buruk dalam sejarah di dunia manapun, angkot kok perbandingannya 1:100, gimana nih, mentang mentang gratis terus seenaknya bikin layanan publik apa, memang yg naik gratis, tapi kan biaya operasionalnya ditanggung pajak;1;18/05/2024 12.36;Negatif
52;Aneh Waktu buka qris Jak Lingko muncul peringatan (TEJADI KESALAHAN SISTEM) mending kalian yang mau naik tj pakai kartu elektronik aja atau aplikasi tije dah;1;20/05/2024 05.00;Negatif
53;Aplikasi cemen;1;20/05/2024 09.34;Negatif
54;Isi pulsa gak bisa padahal saldonya ada Gimana nih apk agak gaje bet;1;21/05/2024 14.52;Negatif
55;Tolong ditingkatkan lagi kualitas aplikasinya, app sering bgt eror, akibatnya tiket nggak bisa pake, sangat merugikan customer;1;24/05/2024 10.28;Negatif
56;Servernya benerin Servernya lemot Servernya server Server Jadi sering telat berangkat maupun pulang garaÂ² SERVERNYA SERVER SERVER BENERIN OY;1;24/05/2024 10.38;Negatif
57;Di Jam sibuk aplikasi sering down. Refund tiket yang gagal digunakan karena kesalahan aplikasi butuh waktu super duper lama. Sudah beberapa kali ganti direktur tapi sama saja gak becus ngurus hal sepele begitu;1;24/05/2024 10.50;Negatif
58;error terus, capek.;1;24/05/2024 11.03;Negatif
59;Aplikasi Payah;1;26/05/2024 04.28;Negatif
60;Login atau register gagal terus;1;26/05/2024 18.03;Negatif
61;"saya beli tiket qris dana, di dana sudah terbayarkan, tapi tiket di apk jaklingko nya pending dan gak bisa ke buka, terpaksa saya harus beli lagi baru bisa, uang gak balik, udh mau bawa duit pas""an :(";1;28/05/2024 13.02;Negatif
62;Supirnya songong,lewat doang,bangke;1;30/05/2024 00.33;Negatif
63;Tolong Keakuratan Halte Di tingkatkan, kan lucu anda mau turun harus bwda halte dari halte yang diinginkan karena Qris nya tidak bisa di scan;1;02/06/2024 01.52;Negatif
64;Maaf saya kasih bintang 1,aplikasi selalu error. Setiap beli tiket berhasil.tapi,mau buka QRnya aplikasi tidak dapat digunakan. Mohon dengan serius dalam memperpaikinya;1;02/06/2024 08.51;Negatif
65;Aplikasi nya integrasinya masih ribet, banyak QRCode dan harus mengikuti rute yg ditetapkan aplikasi, mending pake kartu aja ketimbang aplikasi ribet gini;1;08/06/2024 00.52;Negatif
66;Apa-apaan ini? Saya belum pernah pake aplikasi ini, baru download sekarang pas daftar nomer saya sudah terdaftar suruh pake nomer lain? Lah nomer saya ajh sudah lama saya pake gimana bisa orang lain make nomer saya untuk Jak Lingko?;1;10/06/2024 15.12;Negatif
67;Payah;1;11/06/2024 08.56;Negatif
68;Tiap mau daftar kartu jakarta lingko server error melulu, udh update juga ttp aja error g bisa daftar.;1;13/06/2024 23.12;Negatif
69;Ga bekerja;1;16/06/2024 12.01;Negatif
70;"Gajelas banget. User baru sudah bgt mau regist. Mentok di kode otp yg ga masuk"" ke motif. Gimana mau login hadeh";1;18/06/2024 22.58;Negatif
71;percuma ga bisa dipakai aplikasinta, sudah beli tiket , tapi kode QR nya ga bisa di scan;1;19/06/2024 11.26;Negatif
72;Banyak banget rute yg gak update, ngetes lokasi rumah ke beberapa sekolah yg ada disekitar rumah tp tidak ditemukan rute. padahal jaklingko ngelewatin rute2 tsbt.;1;20/06/2024 14.53;Negatif
73;Pengalaman saya dengan Jak Lingko sangat buruk justru pada saat ketika saya sangat membutuhkan Jak Lingko. Feeder TJ rute Serpong-Kalideres yang hanya melayani hingga jam 10 malam, akhirnya membuat saya terlunta-lunta. Ditambah lagi, feeder TJ rute yang sama juga seringkali terlambat hingga 30-40 menit, sehingga acara saya batal. Semoga ada penambahan feeder TJ rute yang sama, dari yang hanya sejam sekali menjadi sejam 2-3x. Selain itu, tolonglah jam operasionalnya ditambah supaya memudahkan.;1;22/06/2024 16.06;Negatif
74;Aplikasi buruk pelayanan tranportasi buruk apalagi transportasi malam lebih parah...;1;22/06/2024 16.42;Negatif
75;Lelet sekali, jdi telat krja., Byk melipir macet.. Suka error apknya;1;24/06/2024 14.16;Negatif
76;Aplikasi sampah,;1;25/06/2024 22.12;Negatif
77;Aplikasi replikasi tije, nlingko. Ga ada guna.;1;26/06/2024 23.01;Negatif
78;Kecewa berat udah beli ngga bisa di pake padahal input udah bener mending klau gax bisa bikin pak jgn di bikin deh ngrugiin;1;28/06/2024 10.09;Negatif
79;Kesan petama Negatif baru sekali pakai eror jadi harus beli kartu dan gunakan aplikasi lain lainya tije, trans, dan sbg baru sekali rugi banget;1;01/07/2024 10.56;Negatif
80;sangat mengecewakan sikap dari supir nya,ngga ramah sama sekali...baru saya alami;1;02/07/2024 10.48;Negatif
81;Aplikasinya gak bisa buat registrasi, berkaliÂ² di coba gak bisa;1;03/07/2024 03.36;Negatif
82;Aplikasi jak lingko tp anjuran angkutan malah m11, kci, grab... gaji buta ini developernya;1;05/07/2024 01.22;Negatif
83;Titiknya sering tidak jelas, sudah benar naik lewat kota harus ngetap in di glodok. Pulangnya juga gitu. Harusnya turun di kota, dan ngetap di kota malah gak bisa, titiknya di sarinah. Kacau banget dah.;1;06/07/2024 21.38;Negatif
84;Apk buruk supir jaklinko pada kga jls;1;07/07/2024 15.00;Negatif
85;Aplikasi jelek gaush di dowload lemot payah;1;09/07/2024 04.54;Negatif
86;Bintang 1 karena ngeselin Gk bisa serch rute;1;09/07/2024 07.24;Negatif
87;Metode pembayaran lemot;1;10/07/2024 00.37;Negatif
88;Lemot banget sampe setengah jam cuma nyari Rute ga bisa2 gila emang ga berguna;1;10/07/2024 10.15;Negatif
89;datang nya kesiangan tidak sesuai jadwal, tidak bagus untuk siswa yg masuk pagi;1;11/07/2024 23.15;Negatif
90;Lagi2 error disaat jam pulang kantor.. ğŸ¤¦â€â™€ï¸;1;15/07/2024 10.32;Negatif
91;Membuat masyarakat yang mencari nafkah di transportasi sengsara semua;1;15/07/2024 12.02;Negatif
92;Masa angkotnya gaada berenti nunggu lama banget tolong di traning yg bener supirnyaaa;1;16/07/2024 13.58;Negatif
93;Pertama kali menggunakan bukannya dipermudah malah dipersulit dan buang2 wkt. Saya download dr halte pd.pinang - gor sumatri dan sdh payment menggunakan qris. Tp di pintu keluar gor sumatri apps gk keluar kode barcode malah saya disuruh ke halte grogol 2 ğŸ˜© padahal lg bawa ank2 dikira akan dipermudah tp pelayananya lama cukuuup tau deh;1;20/07/2024 07.08;Negatif
94;Sangat tidak berguna.;1;22/07/2024 02.37;Negatif
95;Ini gw klo bisa gk kasih bintang gw kasih bintang nol dahh ,gw bawar tapi cara beli nya lama anjr cara daftarnya ribet jadi gk ngebantu bngt anjg sumpah gw kesel bngtt sama pendaftaran nya yg lama di tambah lagi beli tiketnya ribet , gw udh sampe 5 buswy lewat anjm ,udh penjaganya kaga ngebntu sama skli kecewa bngt ajg;1;23/07/2024 14.50;Negatif
96;Apk aneh, kode qr tidak valid pda saat saya mau turun di halte,, plus ketidaktahuan petugas terhadap apk ini,, membuat saya smakin kesel,, alasan ptugas cukup simpel sinyal jelek pak.. asli kocak.. Saran bila menggunakan qr code, pd saat berhasil tap in, qr code tersebut lock,, dugaan qr code terrefresh shingga tap in dan tap out berbeda....;1;24/07/2024 02.34;Negatif
97;Aplikasi apaan pas mau beli tiket suka tiba tiba gabisa mending pake kartu;1;26/07/2024 01.21;Negatif
98;Error gk bisa login;1;26/07/2024 01.36;Negatif
99;Apli kasi kureng, ngebug mulu, server gangguan terus udah berataun gini gini aja payah;1;26/07/2024 03.40;Negatif
100;jelek ngeleh lemot ribet ga ngebantu;1;01/08/2024 00.12;Negatif
101;Ribet;1;01/08/2024 11.05;Negatif
102;Aplikasi sampah,,, Tujuan buat membantu malahan bikin ribet. Duit warga Jakarta di buang sia-sia hanya untuk bikin aplikasi gak guna beginian.;1;03/08/2024 07.28;Negatif
103;Kalo bikin aplikasi yang jelas ya, udah payment tapi gabisa di scan maksudnya apa coba percuma bikin kalo ini berujung transaksi FIKTIF mending takedown server aplikasi nya bikin lagi ya!;1;06/08/2024 03.09;Negatif
104;daftar yang ribet. Maaf uninstall saja;1;06/08/2024 12.42;Negatif
105;Aplikasi gak guna !!!;1;07/08/2024 09.17;Negatif
106;Aplikasi kurang ajar, saya beli tiket 2 kali d pending, saldo kepotong, tiket gk muncul Buat pengaduan, tp gk d respon, Hati2 kawan ini aplikasi penipu,;1;07/08/2024 10.17;Negatif
107;Sampah;1;07/08/2024 10.35;Negatif
108;ini apss oke membantu, tapi sangat tidak efektif. kenapa ga seperti TJe aja yang satu QR untuk semua halte.;1;07/08/2024 10.57;Negatif
109;Saya mau cek aktivasi kartu malah nggak bisa, parah;1;08/08/2024 13.05;Negatif
110;Apk gak berfungsi normal maps salah gak akurat tolol perbaiki rugi saya udah berkali kali udh sering padahal maps hidup terus thanks;1;10/08/2024 10.28;Negatif
111;So BAD , don't use this Apps !!;1;13/08/2024 02.04;Negatif
112;"Semalam abis pemeliharaan malah gk bsa ni apk, mau bayar pke QR error mulu... Mending gk usah pke update atau pmeliharaan segala kalau apk makin tmbah nyusahin..gk usah update""an deh";1;13/08/2024 04.52;Negatif
113;Lemot;1;13/08/2024 05.47;Negatif
114;Aplikasi apaan kualitas Nol;1;13/08/2024 09.48;Negatif
115;Beli tiket Transjakarta saldo fello terpotong tiket ngak keluar anjir....segera uninstall;1;15/08/2024 02.28;Negatif
116;Sering eror, udah payment tiket ga muncul sering bgt. Makin lama makin ga guna ini aplikasi sumpah;1;15/08/2024 04.56;Negatif
117;Sangat amat tidak ada gunanya pelayanan jaklinko, lebih cepet efisien dan praktis pelayanan angkot confensional, jaklinko menang gratisan doang gak guna.. Serba Lambat, ribet, muter-muter rutenya, Bubarin aja jaklinko tuh, menuh menuhin jalan aja sampah;1;15/08/2024 23.39;Negatif
118;Aplikais ga guna;1;16/08/2024 03.31;Negatif
119;Udah bener Tije malah di suruh pake aplikasi ini nambah masalah. Ganti pemimpin ganti pula kebijakan memang sarana publik untuk kepentingan pejabat.;1;18/08/2024 07.57;Negatif
120;Kalo masih amatir bikin aplikasi jangan sok2an ngtnt bikin menghambat aj;1;19/08/2024 00.11;Negatif
121;aplikasi banyak masalah ampas;1;19/08/2024 05.30;Negatif
122;loginnya setengah mampus padahal jaringan gaada hambatan apapun;1;19/08/2024 05.56;Negatif
123;Pembelian pending terus gak jelas...CS nya komputer yang balas...aplikasi gak niat..tolol;1;22/08/2024 00.11;Negatif
124;Aplikasi yang menyusahkan masyarakat, pesan tiket malah pending 2 kali saat setelah pembayaran, waktu berhasil, eh ngetap kebanyakan kaga bisa....aplikasi ini modelan yang penting ada, biar dianggap kerja, lihat aja tuh ratingnya jelek tapi ya skip ga ada perubahan....aplikasi ini lebih cocok buat ngeprank menjurus ke penipuan. GAK BAHAYA TA?;1;22/08/2024 00.38;Negatif
125;Pelayanannya sangat buruk , berkali2 bertanya di beri jawabannya muter2 ujung2nya ga dapet solusi apapun dan tanpa kepastian apa yang akan diperbaiki dan kapan nya , sangat amat buruk. Sekali pergi saldo terpotong dua kali , bahkan ketika tidak digunakan tau2 saldo sudah berkurang , amat menyusahkan dan merugikan;1;22/08/2024 15.59;Negatif
126;Ada aja masalahnya, tolol.;1;23/08/2024 02.43;Negatif
127;Pembayaran QRIS selalu gagal dan pending, mencoba hubungi CS tidak dijawab;1;25/08/2024 10.11;Negatif
128;Aplikasi parah kirim OTP saja lama bgt sampai 5 kali gagal terus tolong diperbaiki;1;26/08/2024 07.46;Negatif
129;Aplikasi jelek;1;27/08/2024 05.19;Negatif
130;Buat Aplikasi Mahal Mahal Bukan Mempermudah Tapi Mempersulit.;1;01/09/2024 07.04;Negatif
131;APLIKASI APAAN SEMUA DI PERSULIT SUDAH DI INSTAL PASS DISTASIUN GAK BERLAKU MALAH DISURUH PAKE KARTUğŸ˜;1;01/09/2024 07.06;Negatif
132;tidak praktis sangat menyulitkan. kok bisa orang bikin aplikasi begini;1;03/09/2024 10.51;Negatif
133;Pesen di stasiun tebet masa harus masuk ke stasiun cawang. Parah nih aplikasi.;1;06/09/2024 09.39;Negatif
134;Dear trans jakarta Tolong dong klo emng niat bikin aplikasi untuk pembelian tiket online di perbarui semua di setiap halte mesin tap in dan tap out nya biar ga bikin susah orang,mesin jadul masi aja di pake;1;07/09/2024 03.02;Negatif
135;Tiket saya kadaluarsa setelah 10 menit pembelian. Padahal jam kedatangan kereta juga tidak selalu tepat waktu. Hasilnya tiket tidak terpakai sama sekali. Buang-buang saldo aja. Saran : tolong diperbarui agar jangka waktu penggunaan tiket bisa digunakan 24 jam di hari pembelian. Terima kasih;1;07/09/2024 03.13;Negatif
136;Ribet, minta otp aja udah kaya minta kesejahteraan rakyat susah banget.;1;07/09/2024 11.39;Negatif
137;Tadi pg gw top up saldo fello diaplikasi ini biar mudah utk pembayarannya, sblmnya gw pke qris utk pembayarannya, tapi knp setelah top up malah gak muncul pembayarannya? Qris pun gak bisa jg, malah petugas busway nyuruh ngecilin huruf dihp gw, gw udh nyoba dihp gw 1 lg gk bisa jg. Nah petugas busway nyoba pke dihp dia bisa, muncul pembayarannya. Ada yg ngalamin hal yg sama? Saldo gw msh ngendap diapk, tau gitu mending gw gak usah top up gara2 aplikasi ini gw telat berangkat kerja!;1;08/09/2024 06.14;Negatif
138;Luar biasa;1;15/09/2024 00.36;Negatif
139;Aplikasinya gak guna, saat ada keluhan armada lama muncul dan setiap muncul selalu penuh tp tdk ada tanggapan Jangan buka contact center atau customer care kalau tidak bisa membantu;1;15/09/2024 01.09;Negatif
140;Apk nggak jelas Masa' kartu jak lingko bisa gak terbaca di apk nya sendiri Kirain pakai apk nya bisa lebih gampang, eh ternyata makin rumit dan gk jelas;1;15/09/2024 18.35;Negatif
141;apk setiap hari eror ga bisa di gunain gada bantuÂ² nya pisan jangan down apk ini ,nyesel;1;19/09/2024 09.23;Negatif
142;Saya daftar dg nomor tlp. Lalu diminta lagi email . 3 email saya masukkan. Satupun tdk diterima. Daftar ulang . Dengan memasukkan email terlebihbdahulu. Dilanjutkan input no tlp. Tertulis nomor tlp sudah digunakan. Kembali input melalui no tlp terlebih dahulu. Tetap aja email ga bisa diinput. Coba hapus akun. Dg harapan bisa daftar ulang. Eh ternyata hapus permanen. No tlp.ga bisa digunakan lagi. Padahal itu no tlp satu2nya. Yg sudah terinstal dg mobile banking, email, dan segala sistem.;1;24/09/2024 01.35;Negatif
143;Refund tiket lama banget lebih lebih dari 7 hari, belum jg refund masuk sudah ada tiket lg yg eror nungu refund lagi, berapa lama lagi harus nunggu untuk refund tiket nya?;1;29/09/2024 10.28;Negatif
144;Terlalu banyak bug dan server sering bermasalah serta pernah pada suatu kejadian bahwa tiket yang saya beli tidak muncul;1;30/09/2024 09.13;Negatif
145;Qr masuk halte gabisa discan padahal udh bayar dasar developer tolol, kalo bikin aplikasi dicoba dulu di user jangan langsung launcing, nyusahin user aja. Dana pemerintah kemana si? Bikin aplikasi aja gabener!!! Percuma bayar pajak mahalÂ² tapi hasilnya zeroo untuk transpotasi umum!!;1;03/10/2024 12.15;Negatif
146;Bayarnya ribet Tidak bisa bayar make aplikasi dana payah;1;03/10/2024 23.53;Negatif
147;Aplikasi namanya jaklingko tapi gk ada liat jadwal yg ada Transjakarta dll aneh bgt nih aplikasi;1;05/10/2024 12.40;Negatif
148;APLIKASI TOLOL ANJ GUE BELI TIKET TEGALAN-PAL PUTIH MALAH JADI PONDOK JADI-KARAWACI GILA MANE GUE UDAH BAYAR PETUGASNYA JUGA GA MEMBANTU ANJ MALAH MAEN HP KONYOL;1;07/10/2024 06.39;Negatif
149;submit profile lama bgttttt;1;08/10/2024 09.47;Negatif
150;Kenapa setiap aplikasi reami dari pemerintah/aparatur negara selalu susah di akses.. Kerja nya ngapain aja sampai2 bikin aplikasi aja ribet g guna;1;09/10/2024 08.05;Negatif
151;Aplikasi sesad, mending tanya ke petugas2 di halte;1;11/10/2024 06.47;Negatif
152;Aplikasi apaan buka pake WiFi dr Transjakartanya aja gak bisa, eror Mulu, terus pas di bagian tiketing nya selalu gak bisa kalo dr jaklingko, gak guna gak usah bikin aplikasi gembel;1;11/10/2024 11.12;Negatif
153;Apk ppk gangguan mulu;1;11/10/2024 11.38;Negatif
154;Percuma gk bisa daftar di apkikasi ini.;1;11/10/2024 14.28;Negatif
155;Aplikasi lemot;1;12/10/2024 06.35;Negatif
156;Supir Jaklingko pada stress semua selalu ngebut di jalanan membahayakan pengendara lain;1;15/10/2024 01.13;Negatif
157;Sudah melakukan pembayaran dengan Qris dan saldo sudah terpotong, tetapi tiket di aplikasi tidak bisa digunakan dengan status pembayaran pending terus;1;18/10/2024 10.11;Negatif
158;Kenapa app buatan pemerintah selalu layak nya sampah, contohnya kayak app ini?;1;20/10/2024 01.54;Negatif
159;Aplikasi tolol pembodohan publik, di halte manapun tidak bisa di scan QR Code nya petugasnya malah marah nuduh gak Tap Kartu, developer ngece, mending gausah pakai close top up;1;24/10/2024 08.45;Negatif
160;Aplikasi ga berguna bgt;1;25/10/2024 00.37;Negatif
161;Terlalu ribet utk beli tiket Pencarian tempat bnyak yg tidak ditemukan;1;26/10/2024 04.45;Negatif
162;Aplikasinya lemot;1;26/10/2024 10.04;Negatif
163;ERROR 1.Udah coba isi saldo di fello, tiba tiba fello nya error .. server error 2. Pop up metode pembayaran ga muncul Parah ni errornya;1;29/10/2024 01.05;Negatif
164;Bug dimana mana;1;29/10/2024 10.09;Negatif
165;aplikasi gak guna;1;29/10/2024 12.24;Negatif
166;ğŸ‘ğŸ¼;1;29/10/2024 14.06;Negatif
167;Nyusahin kalo engga siap bikin app jangan bikin;1;31/10/2024 11.24;Negatif
168;Aplikasi bego... Eror Mulu ga mampu bayar apa ! Ga guna;1;31/10/2024 22.49;Negatif
169;aplikasi gajelas udah buru' gini sistem salah mulu;1;01/11/2024 01.10;Negatif
170;Top up kartu selalu offline ketika sudah transaksi, bikin rugi dan buang waktu. Nyesel ganti e-money ke jackard;1;01/11/2024 17.50;Negatif
171;Aplikasi nya kurang update . Gangguan terus harusnya bisa lebih update untuk metode pembayararan...kalo ini seolah belum siap tapi di paksakan;1;05/11/2024 02.34;Negatif
172;Bukanya mempermudah malah mempersulit, aplikasi lemot !!!;1;06/11/2024 00.42;Negatif
173;Buang2 duit pajak warga DKI buat gaji yg bikin apk abal2;1;06/11/2024 05.20;Negatif
174;Sering error saat di scan;1;06/11/2024 11.04;Negatif
175;Angkotnya terlalu terburu-buru ingin jalan padahal masih ada penumpang lagi;1;07/11/2024 02.01;Negatif
176;Aplikasi tolol APUS ni aplikasi gak da jelasnya rute yg di pilih salah aja.haltenya dimana.tapi uangnya g bisa di kembaliin..heran pemerintah udah kaya masih bodohin masyarakat dengan ambil uang g seberapa;1;09/11/2024 15.23;Negatif
177;Apk tolol;1;10/11/2024 11.01;Negatif
178;Lama sekali dari pembelian ke masuk tiket aktifnya. Sedangkan customer harus buru2 mengejar naik kendaraan. Akhirnya terpaksa membali tiket lagi dengan metode lain. Dan tiketnya cuma bisa berlaku 1 hari, kalau periodenya bisa berlaku paling tidak 3 hari, jadi masih bisa dipakai esok harinya. Rugi banget, jadi bayar 2x. Gak rekomen;1;11/11/2024 03.03;Negatif
179;Pas dipakai di halte ga bisa padahal pembayaran udah;1;12/11/2024 01.06;Negatif
180;Drevernya kadang ga mau berenti pdhl udh di stop bus berdirinya.. pdhl udh nongolin kartu jga SMA aja ngebut ajaaa.. sop nya gmna si,, blm lgi klo kebutÂ²tan bawa mobilnya.. drevernya ngedumel aja.. kan emng tugas nya dia kerja itu pilihan dia tpi ko resek2 banget;1;12/11/2024 07.59;Negatif
181;Saldo berkurang tapi tiket nya ga muncul;1;14/11/2024 07.25;Negatif
182;GAK JELAS BAT;1;15/11/2024 10.50;Negatif
183;Aplikasi sampah , Pembayarn sudah masuk malah gk bisa buat jalan;1;16/11/2024 05.23;Negatif
184;Masih susah saat check out.. QR code susah dibaca oleh scanner;1;17/11/2024 13.04;Negatif
185;Armada 6B ditambahin dong;1;19/11/2024 11.38;Negatif
186;aplikasi jelek . titik lokasi tidak sesuai. pembayaran tidak praktis, tidak bisa refund. petugas nya tkdak pengertian karena sudah beli, untuk petugas wanita transjakarta halte bundaran senayan yang pelayanan tidak baik dan pengertian ,baca ini baik baik. saya sengaja tidak beli kartu. supaya kalian tau. kalau aplikasi ini jelek;1;19/11/2024 15.31;Negatif
187;Sering sekali tidak terbaca QR dan kadang susah bahkan tidak bisa terbaca;1;22/11/2024 06.43;Negatif
188;PERBAIKI APLIKASINYA GAJELAS, KOUTA MSH PENUH JARINGAN 5G, KALI GAGAL MEMUAT ULANG TERUS, ORANG UDAH BELI BUKAN DIPERMUDAH MALAH DIPERSULIT.!!!!;1;22/11/2024 14.56;Negatif
189;Apk gajelas. Gabisa registrasi terus. Ini apk di urus ga si?;1;23/11/2024 05.25;Negatif
190;Entah kegunaannya apa ini app, kirain udah ada perubahan. Niat mau cek rute setiap Mikrotrans (baik rute angkotnya dan angkot apa aja yang lewat di situ), malah ga ada di app ini. Nyesel;1;23/11/2024 17.12;Negatif
191;B 2024 HAPUS SAJA JAKLINGKO KALAU GAK MAU BAWA PENUMPANG..Jurusan pasar bintara - cipinang indah sering menolak menaiki penumpang dari arah bintara di dekat kantor urusan agama jl ngurah rai ..padahal mobilnya kosong ....brengsek;1;24/11/2024 11.23;Negatif
192;aplikasi ga jelas tau;1;28/11/2024 10.47;Negatif
193;Sumpah ini knp error, mau sekolah jadi gabisa sekolah garaÂ² aplikasi error inii, mau nangissssssssss gmn ini lain kali jngn error dong, yg terburuÂ² juga susah;1;28/11/2024 22.56;Negatif
194;kebanyakan server aplikasi bermasalah mulu;1;02/12/2024 06.47;Negatif
195;Aplikasi jelek, gua pernah bayar double gegara pending, pernah 2x pesen tiket gagal padahal dah bayar, qr kadang ga muncul, bapuk parah aplikasi, ga rekomen, mending pake kartuğŸ”¥;1;05/12/2024 01.27;Negatif
196;bikin rugi . pembayaran berhasil tapi tiket tidak muncul;1;05/12/2024 07.24;Negatif
197;Sangat kecewa merugikan , Sudah jelas benar pembelian sesuai titik keterangan gak jelas malah berubah, harus beli lagi jadi 2x pembelian gak jelas loe;1;06/12/2024 01.59;Negatif
198;Saya pikir pakai aplikasi ini akan lebih mudah ternyata sama aja, nanya sama petugasnya aja kayanya masih baru jadi kebanyakan ngang ngeng ngong, sotau banget lagi, udah coba buat beli lagi kartu baru ternyata mesinnya juga ga bisa haduh gatau apa orang ngejar waktu;1;06/12/2024 22.54;Negatif
199;lelet otp;1;07/12/2024 11.04;Negatif
200;Dibikin mutar muter pake jaklingko dengan berhenti di 4 stasiun, setelah dicek pake maps ternyata bisa dipangkas jadi 3 stasiun, rugi 30 menit;1;08/12/2024 05.14;Negatif
201;Aplikasi pemerintah gaada yang bener anjğŸ˜‚ buang duit buang waktu beli tiket gaada yg bisa dipake, gate error, aplikasi error, petugas ngang ngong, klop bangetğŸ¤£ niat mau upgrade kayak negara maju tapi malah makin keliatan terbelakangğŸ¤­;1;08/12/2024 14.34;Negatif
202;Payah server ny offline mulu kalo malem mau login aja susah jadi gak bisa pulang;1;08/12/2024 15.56;Negatif
203;Apk pemerintah yg gila uang...udh bbrpa kli bayar status proses selalu yg d olimo,..karyawan d tanya jawab ny ga bisa ga masuk. Nnti bilng uang bakal balik LG mana ada balik LG, top up kartu gagal pula udh kepotong,karyawannya d mnta kejelasan jawab cuma saya cuma baru d sini. Muka judes begitu, perasaan klo d halte lain klo emng proses sering d kasih kebijakan d beri masuk tp mereka tetep rapor ke atasan mereka..kenapa d sini mempersulit bgt ya;1;09/12/2024 02.28;Negatif
204;Kalo bikin aplikasi yang bener. Gara gara lo gue jadi telat nungguin busway doang 1 jam;1;09/12/2024 06.37;Negatif
205;Aplikasi rusak beli tiket malah ga bisa di pake hadehh buangÂ² duit aja;1;12/12/2024 01.26;Negatif
206;sumpah pelayananya jelek banget;1;12/12/2024 04.16;Negatif
207;Saya kesal sekali dengan aplikasi ini karena suka error dan membuat saya harus bayar sampai 2x karena tidak dapat diproses untuk pembelian pertama. Payah;1;12/12/2024 10.30;Negatif
208;Aplikasi yg merugikan pengguna, pilihan rute GK masuk akal dan merepotkan, posisi saya sdh di halte Slipi Kemanggisan arah selatan pas milih malah disuruh pakai ke halte harapan kita agar bisa discann, jadi utk pengguna yg belum tahu rute busway pasti semakin membingungkan Utk developer tolong di kroscek lgsg dulu kebutuhan pengguna itu apa saja, biar ini aplikasi bisa dirasakan manfaatnya oleh masyarakat, bukan cuma asal bikin apps aja.;1;14/12/2024 03.03;Negatif
209;Supir jaklingko banyak yang ugal ugalan, jalan sebelah kiri ngebut, ga sabaran, ngedim. semalam kejadian lagi, si supir nyelip dari kiri, saya hampir diserempet saat mau belok kiri. Rekaman ada di dashcam saya, nanti upload ke youtube ini kelakuan supir jaklingko ugal ugalan.;1;14/12/2024 22.53;Negatif
210;Ribet;1;15/12/2024 09.21;Negatif
211;Sudah di jelasin sudah di berikan bukti segala macem, tidak ada tanggung jawab sama sekali katanya punya pemerintah tapi cuma minta di kembalikan saldo 20rb engga mau dengan alasan ini itu hadeh hadeh aplikasi tolol;1;15/12/2024 13.48;Negatif
212;Aplikasi tidak bisa diandalkan selalu ada gangguan;1;17/12/2024 00.46;Negatif
213;Lemot, Dan opsi bayarnya dikit, like who tf use Fello;1;17/12/2024 01.32;Negatif
214;tiket ga muncul berapa kali tidak ada refund, belum lagi jaringan sudah beli tiket, aplikasi malah ga bisa dibuka;1;17/12/2024 16.14;Negatif
215;Server sering bermasalah sehingga tiket hangus dan menyulitkan pengguna;1;17/12/2024 16.16;Negatif
216;Aplikasi ga guna,udah mbayar malah g keluar tiketnya;1;18/12/2024 13.59;Negatif
217;apk error ajg ga jelas kntl;1;19/12/2024 00.33;Negatif
218;Dihilangkannya JAK.33 adalah keputusan terburuk yang dibuat oleh PT. Transjakarta;1;19/12/2024 05.56;Negatif
219;"Driver apatis, dan terkesan ga niat kerja, selalu tiap nunggu jak 41 lewat, pas sampe kata orangnya penuh(padahal engga) gaboleh naik, nunggu 20 menit lebih pas dateng ""penuh"" lagi, akhirnya jalan, gataunya lewat sederet kosong semua ngebut gajelas, sangat mengecewakan, menghabiskan waktu dan tenaga saya";1;20/12/2024 07.52;Negatif
220;Aplikasi suka eror knp;1;21/12/2024 00.03;Negatif
221;APLIKASI PAYAH, PETUGASNYA JUGA APDA PAYAH, MAKAN GAJI BUTA SEMUA, HALTE PLUIT TUH PERHATIIN MAU KELUAR GAK BISA PAKAI APLIKASI KITA NAIK JUGA GAK GRATIS YA!! MAKAN GAJI BUTA!;1;22/12/2024 05.28;Negatif
222;Jurusan stasiun cakung cipinang indah jaklingko 85 di stasiun pondok kopi tgl 22/12 baru jam 9 malam sdh tidak terima penumpang B 1015 dan B 2739 mau pulang katanya...PAYAAHHHH..begitu klo di gaji..;1;22/12/2024 14.14;Negatif
223;udah beli tiket tapi tiketnya gabisa, saldo udah kepotong, udah chat CS bilang 7 hari kerja, sampe sekarang saldo gabalik;1;23/12/2024 14.46;Negatif
224;Udah milih Cawang Otista tau2 pas udah bayar berubah jadi Cawang Ciliwung. Aplikasi ga guna. Mending bayarnya pake dompet digital aja. Ga usah dikit2 buat aplikasi tapi ngerugiin.;1;24/12/2024 04.50;Negatif
225;Aplikasi GEMBEL, barcode sering ga valid. Nyusahin orang mau berangkat kerja, mana searching dari halte apa kemana malah yang muncul halte lain jadi kadang salah padahal lg buru2. Mending benerin deh UI UX nih aplikasi GEMBEL;1;25/12/2024 23.00;Negatif
226;Aplikasi tidak benar ini isi plsa 20000 masuk hnya 5000 bagaimna ini meresakan;1;27/12/2024 07.26;Negatif
227;OK-otrip;1;28/12/2024 11.14;Negatif
228;Pelayanan buruk sekali mulai dari top saldo yg sering gagal, saldo dari rek terpotong tidak di refund lagi td pagi scan barcode masuk ke halte Manggarai pakai aplikasi jaklingko engga bisa hadeuh terus tiket engga bisa di batalkan saldo engga bisa di refund, tolong dunk perbaiki pelayanan dan sistemnya agar pelanggan nyaman naek busway;1;30/12/2024 01.55;Negatif
229;Mau daftar aja susah bangat ,udh diisi data malah gak jelas apk nya ...;1;31/12/2024 03.07;Negatif
230;KARTU INI NGAK BISA DI BELANJAKAN !!;2;14/02/2024 14.44;Negatif
231;Bisa diperbaiki lagi ga? Kemarin baru update tapi kok g d yg berubah? Malah makin susah, pake qris qrisnya g bisa ada kesalahan, mau topup kartu di halte lagi g bisa, harus tautin ovo dulu, opsi pembayaran terbatas, pke ovo juga ada biaya adm, dan aplikasi agak lola juga, pokoknya menghambat banget dah;2;07/03/2024 01.50;Negatif
232;Fitur cari rute selalu gagal, selalu tidak ditemukan, aneh padahal posisi sudah di jalurnya, dekat halte. Mohon diperbaiki;2;18/03/2024 10.36;Negatif
233;Sedih gak ada jalur jaklingko kwk nya;2;27/03/2024 04.30;Negatif
234;Gak jelas . tolong di perbaiki Supirnya sortir lagi;2;19/04/2024 07.56;Negatif
235;Kode qr gak bisa di baca oleh mobile banking;2;12/05/2024 04.56;Negatif
236;selalu bermasalah kalo mencari halte transjakarta, tidak pernah muncul teratas padahal sudah menuliskan dengan jelas nama haltenya;2;07/06/2024 02.09;Negatif
237;Aplikasi paling ga guna. 1. Ga terintegrasi dengan armadanya sendiri, 2. Fitur berangkat kapan hanya disetting saat ini, ga bisa diganti. Tapi bisa diklik yntuk dirubah....;2;01/07/2024 18.18;Negatif
238;Mungkin proses pembelian tiketnya bisa dipermudah dengan tanpa perlu menentukan tujuan seperti aplikasi tije dulu;2;08/07/2024 04.38;Negatif
239;Saran aja, Kalau mau pemeliharaan sistem jangan di bawah jam 23.00 ke bawah, kan masih banyak org yg akitvitas pulang kerja juga, tiba jam 22.00 eroro gak bisa tampilin barcode, ketrngan sitem dalam pemeliharaan, kan syang2 yg sudah membelian ticket sbelum2 jam sgtu gak bisa di gunain;2;10/07/2024 15.54;Negatif
240;Tolong bug di aplikasi nya diperbaiki, terutama untuk fitur qris payment sering terjadi error ataupun tidak muncul pada saat ingin tap in/tap out. Terimakasih;2;30/07/2024 00.31;Negatif
241;Proses lama !!! Setelah beli tiket malah di proses hampir 15 menit, dan pengembalian ana juga lama !!;2;30/07/2024 01.36;Negatif
242;Assalamualaikum bu pak saya julia saya gak ada uang bu pak okay pak terima kasih pak seterah julia ya pak bego lu orang jatuh di ketawain lu bego lu!!!;2;03/08/2024 22.21;Negatif
243;Anjiiiiing ribeet banget;2;06/08/2024 09.23;Negatif
244;"Apaan aplikasinya lemot banget, jelek, lg buru"" nyari rute malah ga bisa, giliran dh ga dibutuhin baru bisa";2;09/08/2024 00.48;Negatif
245;Aplikasi nya butuh pembaharuan. Sesuaikan rute dengan QR kode. Saya sudah memilih dan bayar dari bolevar selatan ke velodrome, malah QR kode nya di pulomas, lucu gitu loh, gak bisa saya chek in di bolevar selatan. Tujuan applikasi itu untuk memudahkan, ini malah bikin ribet.;2;13/08/2024 00.27;Negatif
246;Kok kek kalah ama app Trans Tangerang sih... (coba antum2 cek aja di app Trans Tangerang);2;14/08/2024 16.26;Negatif
247;Aplikasi ngebug gak jelas tiba tiba koneksi bermasalah;2;19/08/2024 03.30;Negatif
248;Gangguan mulu heran;2;19/08/2024 04.48;Negatif
249;Sya melakukan pembayaran tiket via mobile banking tpi pending sampai berjam2;2;21/08/2024 23.51;Negatif
250;Saya mau ke Depok dari Terminal Kp.Rambutan karena gak punya kartu, diarahkan untuk instal JakLingko. Petugas gak jelasin kenapa saya bayar 6500. Sampai Cawang Sentral barulah dijelaskan kenapa bayar 6500, itu karena harus nyambung lagi via KA. Akhirnya, saya beli kartu TJ karena ternyata di CS1 tujuan Depok D11, gak bisa pakai aplikasi JakLingko. Aplikasi ini kurang lengkap dalam membantu warga yang gak punya kartu. Harusnya petugas langsung arahkan beli kartu. Saya rugi waktu rugi uang.;2;24/08/2024 10.04;Negatif
251;serung bed eror titid;2;30/08/2024 04.52;Negatif
252;Agak lambat ya responnya. Trus ini pilihan upgrade benefitnya apa? Minta KTP plus foto selfie dengan KTP pula.;2;22/09/2024 04.57;Negatif
253;UI UX sangat buruk, tidak berguna sangat tidak berguna. >>> Jaklinko sudah update, uda lebih bagus lanjutkan. Bintang naik jadi 2 ğŸ™ğŸ»;2;24/09/2024 09.44;Negatif
254;Driver Jaklingko 2 kali memaksa sy turun pindah angkot (bukan jaklingko), gara2 area tujuan saya macet. Driver ngomel2 karna awalnya saya tdk mau. Seharusnya mau macet atau tdk hrs ttp mengantarkan penumpang sesuai rute. Tolong di edukasi kembali drivernya. Mentang2 gratis jadi sesuka hatinya.;2;19/10/2024 01.24;Negatif
255;Aplikasi ini akan lebih baik jika ada pejabat pemerintahan menggunakan ini tp jika tdk jgn banyak berharap lebih baik. Pasti asal2 semua paling ketika ada sidak baru bagus, ğŸ¤£ğŸ˜‚;2;26/10/2024 22.10;Negatif
256;Saya sudah berapa kali menggunakan aplikasi dalam melakukan pembayaran ada aja kesalahan, sudah di bayar berhasil dalam setatus di M-banking tapi di aplikasi belum muncul juga tiket yang di beli, dan mudah sekali terdapat kesalahan dalam pembelian padahal di pencarian rute sudah di ketik mohon untuk di perbaiki lagi aplikasinya.;2;01/11/2024 16.47;Negatif
257;Saya sudah bayar pakai qris tinggal scan ke mesin tap in nggak bisa, di hp petugas buswaynya pun katanya qr tidak valid, parah sih walaupun cumnn 3500. Untung aja petugasnya ngertiin wkwk;2;17/11/2024 02.56;Negatif
258;aplikasi ini susah banget buat Log in doang sudah cb pake nmr hp pake google tetap aja;2;17/11/2024 04.57;Negatif
259;Sya udh top up masuk 2x tp status masih pending sharian uang g balik lg;2;05/12/2024 00.59;Negatif
260;server sering down, kadang mau tap out ga bisa;2;16/12/2024 12.12;Negatif
261;Selalu gabisa akses, loadingnya terlalu lama, udah dibayar dan saldo sudah kepotong aplikasi malah ke logout!!!! Jadi ketinggalan naek busway jadinya.!!!!!;2;17/12/2024 16.23;Negatif
262;"Muncul notif ""pengaturan akun"" muluuu....";3;28/01/2024 07.25;Negatif
263;Kenapa gak bisa beli tiket LRT dari stasiun dukuh atas ke stasiun LRT TMII;3;17/03/2024 03.02;Negatif
264;Jujur aja ya Sebenarnya aplikasi ini bagus.. bisa beli tiket transportasi umum pakai tarif integrasi jdi lebih murah.. tapi ada 1 kelemahan aplikasi ini yang benar benar krusial Yaitu tentang pemilihan lokasi yang kurang akurat dan kurangnya update halte halte tertentu.. terkadang saya bingung.. soalnya saya pernah scan QR di mesin tap.. dan ternyata bukan dihalte itu. Padahal jelas jelas di tulisannya disitu Ya itu aja si keluh kesah saya cmiiw;3;01/04/2024 15.44;Positif
265;Perbaiki performa tracking bus tije dong. Minimal bisa setara trafi dulu. Saya yakin aplikasi ini bakal lebih berguna;3;06/04/2024 02.41;Positif
266;Kadang error repot;3;20/04/2024 04.56;Negatif
267;"Di perbaikin lbh baik dong. Menyusahkan bgt. 1 halte namanya beda"" dan scan susah terbaca. Petugas ga smuanya sigap";3;20/04/2024 10.58;Negatif
268;Sering tiket tidak muncul, ketika dilaporkan minim respon;3;06/05/2024 13.56;Negatif
269;Ribet gk bisa nyari rute perjalanan;3;16/05/2024 00.56;Negatif
270;Ada apa dengan jaklingko kok gk bisa beli tiket...?;3;14/06/2024 08.48;Negatif
271;Min buat untuk LRT jabodebek dong;3;20/07/2024 05.42;Negatif
272;Aplikasinya kenapa sih setiap mau liat keberadaan jaklingko selalu saja data tidak ditemukan;3;24/07/2024 08.55;Negatif
273;hari ini tgl 29 Juli 2024, saya naik dr halte puri beta 1 jam 11.39. jarak mau naik bus nya jauh bgt. ternyata driver nya wanita. tolong dong pihak kantor nya untuk di training kembali jika drivernya wanita agar jgn terlalu jauh jarak. saya sampai terjatuh;3;29/07/2024 04.41;Negatif
274;Kalau bisa beli tiketnya langsung asal dan tujuan aja, bikin rancu;3;30/07/2024 13.21;Negatif
275;Armadanya kurang banyak yang ke Meruya jadi lama nunggunya bikim bete;3;11/08/2024 03.18;Negatif
276;Bintang 1 untuk supir angkot jaklingko tidak ramah, ditanya tidak jawab;3;02/10/2024 05.19;Negatif
277;untuk apk nya susah dipelajarin, tolong tingkatkan lagi jaklingko arah pinang ranti sudah nunggu dari jam 5 subuh tapi baru ada set 6, tolong diperbanyak. Terimakasih;3;20/10/2024 23.18;Negatif
278;servernya sering down, tolong diperbaiki lagi;3;24/10/2024 07.20;Negatif
279;Download 2 nov 2024 belum bisa buat naik LRT jabodebek. Padahal berharap tarif terintegrasi dari Cibubur ke Bekasi.;3;02/11/2024 14.31;Negatif
280;Saldo sdh di isi, ko ga tampil di Aplikasi;3;19/11/2024 13.56;Negatif
281;Min bisa ga untuk tiketnya d hapus biar tinggal scan aja biar ga ribet beli tiket lagi tinggal isi saldon aj;3;22/12/2024 12.36;Negatif
282;Jaklingko sangat memudahkan bagi siapa aja yg akan menggunakan moda transportasi di jakarta khususnya bagi para pendatang baru atau yang hanya sekedar ingin berkunjung ke sana, sayangnya pembayaran online via aplikasi belum bisa dan harus melalui kartu jaklingko/jackcard. Semoga kedepannya bisa diperbaiki agar bisa melayani pembayaran melalui aplikasi seperti halnya KRL;3;27/12/2024 12.53;Positif
283;Kalo nomor hp nya keblokir harus laporan kemana bos;3;28/12/2024 11.50;Negatif
284;Fitur tap-tap-tap-and-go setelah registrasi KTP masih kurang memuaskan. Scannya susah banget, bahkan kadang gabisa sama sekali. Gak sat set. Khususnya di terminal TG. PRIOK. Buat pengguna lain usahakan sampai bisa klw tap out disana, krna klw gk berhasil tap out, nanti beberapa hari setelahnya bakal ada notif pulihkan transaksi, abis tu keblokir selama beberapa jam QRISnya.;4;07/02/2024 09.13;Negatif
285;Bismillah hari pertama, semoga segala urusan dipermudah dan dikelilingi oleh orang-orang yang sholeh/ah AamiinğŸ™;4;21/02/2024 10.52;Positif
286;karena aplikasi sering down jadi susah banget kalo dijadikan andalan, padahal selalu diupdate dan sinyal aman. udah top-up juga tapi karena error jdi gabisa digunakan.;4;13/03/2024 00.45;Negatif
287;Semoga bermanfaat buat saya pensiunan guru;4;23/04/2024 04.18;Positif
288;Saran saya halte kampung melayu brt transjakarta belum bisa discan makai aplikasi jaklingko/jli di mesin gate nya mohon diperbaiki agar bisa digunakan untuk masuk dan keluar di halte kampung melayu brt transjakarta dan halte transjakarta lainnya terimakasih;4;14/08/2024 23.14;Positif
289;Lumayan membantu;4;10/11/2024 09.29;Positif
290;Servenya eror mulu nih. Malah gk ada petugas tadi. Bisa masuk, gk bisa keluar. Akhirnya tap kartu lagi. Hzzzz;4;18/12/2024 01.01;Negatif
291;Ini mau daftarin kartu untuk tarif integrasi knp selalu tulisan user phone required ??;4;24/12/2024 07.00;Negatif
292;Baru coba;5;06/01/2024 21.00;Positif
293;Aplikasi nya bagus bangetğŸ˜ğŸ¤©, fast respon, tanpa lemot, fitur nya banyak dan canggih. Bintang 10 â­â­â­â­â­â­â­â­â­â­ THEBESTğŸ‘ğŸ»;5;13/01/2024 03.15;Positif
294;jak lingko mikrotrans masuk ke kampung2 mau pulang/pergi jadi gampang, bersyukur banget bisa nikmati kemudahan transportasi di kota jakarta.. luvv â¤ğŸ˜˜ pokoknya sama tj, mikrotrans, mrt, lrt;5;15/01/2024 14.34;Positif
295;Lumayan;5;15/01/2024 17.36;Positif
296;Suka banget aku sama jaklingo ini, sangat memudahkan âœ¨âœ¨;5;31/01/2024 19.02;Positif
297;Terimakasih;5;15/02/2024 13.15;Positif
298;Oke.;5;28/02/2024 03.21;Positif
299;RoHayati;5;09/03/2024 11.40;Positif
300;bagus;5;21/03/2024 16.16;Positif
301;oke;5;18/04/2024 05.32;Positif
302;Fateh Sarah Sofia Poniman Papa;5;20/04/2024 02.51;Positif
303;oke;5;06/05/2024 09.43;Positif
304;Keren;5;07/05/2024 09.07;Positif
305;Nah gitu dong akhirnya loading buka aplikasi nya sat set makin cepet saya suka kalau bisaa nanti kartu emoney yang terdaftar di aplikasi jaklingko bisa di tap langsung pakai hp lewat nfc biar kaya luar negeri, livin by mandiri aja bisa loh tap to pay pake nfc soalnya kalau pakai pay as You go kadang gate masuknya GK bisa baca QR jadi lama nanti malah ngantri itu sih saran aku bisa tap to pay pakee nfc di hp lewat aplikasi jaklingko semangat berinovasi terus;5;25/05/2024 07.00;Positif
306;Sangat membantu kami yg lg muter2 di jakarta dan lupa bawa etoll . Easy to use. Thx;5;11/06/2024 03.54;Positif
307;Semakin mudah pesan kereta MRT lewat aplikasi Jak lingko terimakasih developerğŸ™;5;13/06/2024 13.51;Positif
308;Aplikasinya mudah diakses dan lancar untuk dibuka pada sistem Android terbaru. Semoga, sistem metode pembayarannya bisa lebih banyak!;5;16/06/2024 10.45;Positif
309;Keren.;5;26/06/2024 16.46;Positif
310;Bagus dan bermanfaat;5;28/06/2024 20.07;Positif
311;Sangat membantu orang awam Jakarta dan membangkitkan hasrat travelling dengan transportasi umum;5;28/06/2024 23.30;Positif
312;Pengalaman, kemana saja saya pergi, tidak takut nyasar lagi. Terima kasih jaklingko;5;30/06/2024 07.07;Positif
313;aplikasi jak lingko tolong masukin via pembayaran qr code qris astrapay shopee pay gopay ovo atau dana pembayaran via lain intergrasi pindah moda buat naik busway transjakarta mikrotrans angkot mrt jakarta lrt jakarta kereta api kereta commuter kereta bandara sangat nyaman sekali good mantap luar biasa;5;11/07/2024 15.59;Positif
314;Terima kasih Jak Lingko;5;26/07/2024 11.27;Positif
315;Salam mantaf jiwa;5;08/08/2024 20.40;Positif
316;Sangat membantu perjalanan, terutama untuk perjalanan multi moda jadi lebih murah. Bisa keliling jakarta dengan tarif yang sangat terjangkau;5;15/08/2024 06.40;Positif
317;Bagus, memudahkan penumpang;5;15/08/2024 16.10;Positif
318;Memberikan kemudahan dalam penggunaan transportasi darat;5;16/08/2024 01.21;Positif
319;gampang carapakainya,;5;16/08/2024 01.21;Positif
320;sangat membantu dalam melakukan pembayaran transportasi;5;16/08/2024 01.21;Positif
321;Bagus;5;21/08/2024 02.45;Positif
322;Tolong kedepanny lgi utk Jak Lingko App versi yang terbaruny tolong lengkapi fitur2 yang kurang lengkap seperti pembelian kartu jak lingko secara online, di menu jak linko app, isi ulang saldo jak linko, hapus laporan & riwayat transaksi, belum ada seperti obrolan berbasis AI seperti, fb, ig, wa, threads, tiktok pantau perjalanan anda sendir & saya harap buat tampilan beranda jak lingko dengan konsep yang lebih modern supaya kelihatan estetik & supaya bisa menarik para pengguna utk mengunduhny t;5;05/10/2024 15.39;Positif
323;Bagus bisa beli tiket mrt dan lainnya. Aplikasi yg sangat beefaefah.;5;08/10/2024 16.03;Positif
324;Lupa bawa kartu emoney2...akhirnya bs naik busway pke aplikasi ini..byrnya bs pke qris pula..;5;17/10/2024 23.54;Positif
325;Jak 02 lama bangettt cok;5;18/10/2024 10.04;Negatif
326;tolong posisi mobil mikrotransnya yg akurat dong min , biar bisa nentuin mau naik moda transportasi yg mn;5;18/10/2024 14.57;Positif
327;Bagus banget aplikasinya cepat respon;5;26/10/2024 09.19;Positif
328;Sangat membantu;5;27/10/2024 00.41;Positif
329;Ok;5;27/10/2024 22.03;Positif
330;Sangat mudah digunakan, petunjuk rutenya selalu benar Ini sangat membantu saya;5;28/10/2024 04.40;Positif
331;Bagus Banget...ğŸ‘ğŸ‘ğŸ‘;5;01/11/2024 15.49;Positif
332;Aplikasi favorit saya untuk berpergian;5;08/11/2024 15.02;Positif
333;Pelayanan untuk Customer atau Pelanggan adalah *****BAIK*****;5;01/12/2024 22.37;Positif
